n,n00,n01,n10,n11,rd,matched_or,matched_or_ci_lo,matched_or_ci_hi,p_mcnemar_exact,endpoint
493.0,155.0,49.0,143.0,146.0,-0.19066937119675456,0.34494773519163763,0.24971388773042189,0.4765010912901025,7.262557535882827e-12,Any broad-spectrum class used (carb OR APS OR anti-MRSA)
493.0,393.0,16.0,76.0,8.0,-0.12170385395537525,0.21568627450980393,0.1266983063912066,0.36717593420922956,1.5997152991106227e-10,Any contextual guardrail violation (any of 3)
