n,n00,n01,n10,n11,rd,matched_or,matched_or_ci_lo,matched_or_ci_hi,p_mcnemar_exact,component
493.0,409.0,28.0,45.0,11.0,-0.034482758620689655,0.6263736263736264,0.3921850046182749,1.0004052046771321,0.060370037339928545,carbapenem_any
493.0,159.0,53.0,145.0,136.0,-0.18661257606490872,0.36769759450171824,0.26877610798583124,0.5030265599704169,4.466253524273314e-11,antipseudomonal_any
493.0,439.0,18.0,32.0,4.0,-0.028397565922920892,0.5692307692307692,0.32164451679213985,1.007396836329254,0.06490864707227217,anti_mrsa_any
