outcome,term,OR,CI95_low,CI95_high,p_value,method,n,events
ai_improved_guardrail,SEVERE,0.15134965255650298,0.08111435329887487,0.2824002953530532,2.9689202819286296e-09,mv_logit_HC3,493,79
ai_improved_guardrail,MDR_RISK,0.5492941973731255,0.2721334719685595,1.1087357725059463,0.0945348985767464,mv_logit_HC3,493,79
ai_improved_guardrail,age_years,1.003683901915138,0.9840470930741179,1.0237125662518682,0.715290082331556,mv_logit_HC3,493,79
ai_improved_guardrail,viral_screening_pozitive,0.3927867640318225,0.18824886255905401,0.8195610847326753,0.012764678671477016,mv_logit_HC3,493,79
ai_improved_guardrail,home_abx_before_hosp,0.9828880914276323,0.8852970139317419,1.0912371611644671,0.7463126048311977,mv_logit_HC3,493,79
ai_improved_guardrail,admitting_ward_IM,0.6095236644931461,0.31141619926867464,1.1929986251505973,0.14847219995824842,mv_logit_HC3,493,79
ai_improved_guardrail,sex_male,2.076879860660574,1.205733881890018,3.5774311565799866,0.008430018613661409,mv_logit_HC3,493,79
